ngay,gio,muc_nuoc,loai_thuy_trieu,timestamp,thang,ngay_trong_thang,gio_trong_ngay,thu
2026-02-28,08:00:00,1.95,ròng,2026-02-28 08:00:00,2,28,8,5
2026-02-28,17:50:00,1.25,lớn,2026-02-28 17:50:00,2,28,17,5
2026-03-07,10:00:00,1.45,lớn,2026-03-07 10:00:00,3,7,10,5
2026-03-07,15:00:00,2.1,ròng,2026-03-07 15:00:00,3,7,15,5
2026-03-14,09:30:00,2.15,ròng,2026-03-14 09:30:00,3,14,9,5
2026-03-14,17:30:00,1.5,lớn,2026-03-14 17:30:00,3,14,17,5
2026-03-21,08:10:00,1.58,lớn,2026-03-21 08:10:00,3,21,8,5
2026-03-21,13:00:00,1.89,ròng,2026-03-21 13:00:00,3,21,13,5
2026-03-28,09:53:00,2.09,ròng,2026-03-28 09:53:00,3,28,9,5
2026-03-28,19:57:00,1.55,lớn,2026-03-28 19:57:00,3,28,19,5
2026-04-04,12:45:00,2.14,ròng,2026-04-04 12:45:00,4,4,12,5
2026-04-04,18:17:00,1.58,lớn,2026-04-04 18:17:00,4,4,18,5
2026-04-11,06:51:00,2.26,ròng,2026-04-11 06:51:00,4,11,6,5
2026-04-11,17:48:00,1.76,lớn,2026-04-11 17:48:00,4,11,17,5
2026-04-18,10:49:00,1.96,ròng,2026-04-18 10:49:00,4,18,10,5
2026-04-18,16:52:00,1.44,lớn,2026-04-18 16:52:00,4,18,16,5
2026-04-25,09:41:00,2.16,ròng,2026-04-25 09:41:00,4,25,9,5
2026-04-25,15:50:00,1.65,lớn,2026-04-25 15:50:00,4,25,15,5
2026-05-02,10:25:00,1.78,ròng,2026-05-02 10:25:00,5,2,10,5
2026-05-02,17:10:00,1.42,lớn,2026-05-02 17:10:00,5,2,17,5
2026-05-09,06:30:00,1.98,ròng,2026-05-09 06:30:00,5,9,6,5
2026-05-09,13:25:00,1.6,lớn,2026-05-09 13:25:00,5,9,13,5
2026-05-16,09:12:00,1.81,ròng,2026-05-16 09:12:00,5,16,9,5
2026-05-16,16:31:00,1.36,lớn,2026-05-16 16:31:00,5,16,16,5
2026-05-23,07:18:00,2.1,ròng,2026-05-23 07:18:00,5,23,7,5
2026-05-23,15:23:00,1.61,lớn,2026-05-23 15:23:00,5,23,15,5
2026-05-30,11:24:00,1.66,ròng,2026-05-30 11:24:00,5,30,11,5
2026-05-30,15:51:00,1.46,lớn,2026-05-30 15:51:00,5,30,15,5
2026-06-06,06:20:00,2.21,ròng,2026-06-06 06:20:00,6,6,6,5
2026-06-06,12:27:00,1.44,lớn,2026-06-06 12:27:00,6,6,12,5
2026-06-13,13:35:00,1.38,lớn,2026-06-13 13:35:00,6,13,13,5
2026-06-13,21:21:00,2.09,ròng,2026-06-13 21:21:00,6,13,21,5
2026-06-20,06:20:00,2.21,ròng,2026-06-20 06:20:00,6,20,6,5
2026-06-20,20:17:00,1.42,lớn,2026-06-20 20:17:00,6,20,20,5
2026-06-27,08:21:00,1.96,ròng,2026-06-27 08:21:00,6,27,8,5
2026-06-27,16:07:00,1.44,lớn,2026-06-27 16:07:00,6,27,16,5
2026-07-04,07:31:00,2.02,ròng,2026-07-04 07:31:00,7,4,7,5
2026-07-04,18:40:00,1.31,lớn,2026-07-04 18:40:00,7,4,18,5
2026-07-11,14:42:00,1.32,lớn,2026-07-11 14:42:00,7,11,14,5
2026-07-11,20:21:00,2.16,ròng,2026-07-11 20:21:00,7,11,20,5
2026-07-18,13:33:00,1.91,ròng,2026-07-18 13:33:00,7,18,13,5
2026-07-18,16:42:00,1.54,lớn,2026-07-18 16:42:00,7,18,16,5
2026-07-25,12:45:00,1.42,lớn,2026-07-25 12:45:00,7,25,12,5
2026-07-25,18:16:00,1.94,ròng,2026-07-25 18:16:00,7,25,18,5
2026-08-01,17:02:00,1.41,lớn,2026-08-01 17:02:00,8,1,17,5
2026-08-01,23:18:00,2.03,ròng,2026-08-01 23:18:00,8,1,23,5
2026-08-08,12:05:00,1.36,lớn,2026-08-08 12:05:00,8,8,12,5
2026-08-08,19:33:00,2.15,ròng,2026-08-08 19:33:00,8,8,19,5
2026-08-15,13:13:00,1.93,ròng,2026-08-15 13:13:00,8,15,13,5
2026-08-15,18:23:00,1.63,lớn,2026-08-15 18:23:00,8,15,18,5
2026-08-22,13:37:00,1.51,lớn,2026-08-22 13:37:00,8,22,13,5
2026-08-22,18:07:00,1.98,ròng,2026-08-22 18:07:00,8,22,18,5
2026-08-29,07:39:00,1.54,lớn,2026-08-29 07:39:00,8,29,7,5
2026-08-29,12:51:00,1.86,ròng,2026-08-29 12:51:00,8,29,12,5
2026-09-05,11:42:00,1.39,lớn,2026-09-05 11:42:00,9,5,11,5
2026-09-05,18:33:00,2.1,ròng,2026-09-05 18:33:00,9,5,18,5
2026-09-12,08:15:00,1.46,lớn,2026-09-12 08:15:00,9,12,8,5
2026-09-12,23:41:00,1.93,ròng,2026-09-12 23:41:00,9,12,23,5
2026-09-19,09:29:00,1.27,lớn,2026-09-19 09:29:00,9,19,9,5
2026-09-19,17:44:00,2.09,ròng,2026-09-19 17:44:00,9,19,17,5
